method	MCE_mean	MCE_se	Sens_mean	Sens_se	Spec_mean	Spec_se
LDA	0.07676470588235296	0.0050146581824277005	0.901111111111111	0.007958459301157829	0.948125	0.006221843140959684
